,Image,F1,Jaccard,Recall,Precision
0,833.png,0.946160635,0.897822446,0.943661972,0.948672566
1,2069.png,0.738123282,0.584940884,1,0.584940884
2,3038.png,0.876500698,0.312767257,0.797507788,0.339747843
3,1169.png,0.966960352,0.936034115,0.94612069,0.988738739
4,501.png,0.947692308,0.900584795,0.907216495,0.99194847
5,31.png,0.96099128,0.924911661,0.927369353,0.997142857
6,2242.png,0.911467324,0.83733575,0.89060241,0.933333333
7,1014.png,0.908507223,0.832352941,0.839762611,0.98951049
8,1322.png,0.889534884,0.80104712,0.80952381,0.987096774
9,1779.png,0.888446215,0.799283154,0.877952756,0.899193548
10,1217.png,0.954098361,0.912225705,0.932692308,0.976510067
11,1956.png,0.943970767,0.893886967,0.905373832,0.986005089
12,108.png,0.948412698,0.901886792,0.903164856,0.99843342
13,1258.png,0.939443535,0.885802469,0.976190476,0.905362776
14,571.png,0.966836735,0.935802469,0.94278607,0.992146597
15,1888.png,0.94887218,0.02504817,0.036931818,0.072222222
16,35.png,0.935483871,0.878787879,0.943089431,0.928
17,2162.png,0.827407886,0.705622933,0.970579315,0.721045516
18,2582.png,0.947466295,0.900176678,0.982642237,0.914721724
19,1279.png,0.871164021,0.156847743,0.157450077,0.976190476
20,749.png,0.74489567,0.593493028,0.616871052,0.93997735
21,2122.png,0.852266456,0.012774451,0.019937695,0.034334764
22,2928.png,0.886461627,0.796076407,0.975332068,0.812434141
23,74.png,0.974613687,0.950484392,0.988801792,0.960826986
24,788.png,0.830735274,0.71047664,0.713000237,0.995042961
25,707.png,0.977906717,0.956768559,0.978999106,0.976816763
26,1678.png,0.955752212,0.915254237,0.958579882,0.952941176
27,909.png,0.904510557,0.825667981,0.827298661,0.997618418
28,218.png,0.875117371,0.777963272,0.978991597,0.791171477
29,2046.png,0.925981873,0.862165963,0.879483501,0.977671451
30,3.png,0.964052896,0.930600503,0.97586727,0.952521163
31,1270.png,0.67281106,0.506944444,0.688679245,0.657657658
32,573.png,0.961373391,0.925619835,0.97633873,0.946859903
33,861.png,0.951219102,0.143653846,0.144013881,0.982894737
34,2463.png,0.862815884,0.151288446,0.997260274,0.151351351
35,1326.png,0.918635171,0.849514563,0.85995086,0.985915493
36,528.png,0.954630205,0.913198573,0.994818653,0.917562724
37,461.png,0.882758621,0.790123457,0.914285714,0.853333333
38,803.png,0.774652241,0.632189707,0.728065078,0.827608983
39,1392.png,0.963702359,0.929947461,0.963702359,0.963702359
40,298.png,0.892857143,0.806451613,0.830258303,0.965665236
41,3005.png,0.730124392,0.574957411,0.991189427,0.577910959
42,1239.png,0.917385943,0.84738041,0.948979592,0.887828162
43,2839.png,0,0,0,0
44,2605.png,0.676755448,0.511436414,0.953924915,0.524390244
45,1529.png,0.94486692,0.895495495,0.94486692,0.94486692
46,574.png,0.905019305,0.82651622,0.997446809,0.828268551
47,2574.png,0.923603974,0.858052196,0.926460481,0.920765027
48,1702.png,0.916666667,0.846153846,0.983739837,0.858156028
49,1732.png,0.814701378,0.687338501,0.998123827,0.688227684
50,1266.png,0,0,0,0
51,1808.png,0.694244604,0.531680441,1,0.531680441
52,1085.png,0.706827309,0.546583851,0.552301255,0.981412639
53,653.png,0.977596741,0.956175299,0.971098266,0.984182777
54,2791.png,0.557762238,0.386733902,0.388239875,0.990069513
55,1187.png,0.971608833,0.944785276,0.952086553,0.99194847
56,2744.png,0.726943942,0.571022727,0.624223602,0.87012987
57,1023.png,0.924454393,0.859521332,0.896851249,0.953810624
58,1667.png,0.995454545,0.246458924,0.271875,0.725
59,904.png,0.960957834,0.924849699,1,0.924849699
60,701.png,0.951042997,0.906655844,0.913327882,0.992007105
61,381.png,0.932400932,0.873362445,0.961538462,0.904977376
62,478.png,0,0,0,0
63,1354.png,0.943918427,0.893793103,0.992343032,0.9
64,2701.png,0.959344038,0.921864741,0.941649899,0.977715877
65,1689.png,0.878892734,0.783950617,0.935198822,0.828981723
66,2672.png,0.928058813,0.865774004,0.895608108,0.96294951
67,2524.png,0.652291105,0.484,0.645907473,0.658802178
68,2026.png,0,0,0,0
69,2356.png,0.867867362,0.766577461,0.92104323,0.820496499
70,527.png,0.92293578,0.856899489,0.994071146,0.86130137
71,1142.png,0.915254237,0.84375,0.991525424,0.849878935
72,1562.png,0.545289855,0.374844334,0.99339934,0.375780275
73,1668.png,0.932450331,0.873449132,0.926315789,0.938666667
74,1837.png,0.956725146,0.917040359,0.984356197,0.930602958
75,294.png,0.955266955,0.914364641,0.923291492,0.989536622
76,2157.png,0.655922643,0.488009592,0.488009592,1
77,2528.png,0.829834748,0.709160305,0.983589201,0.717651603
78,2527.png,0.770582227,0.626786308,0.640190088,0.967675731
79,2075.png,0.628637951,0.458404075,0.551645857,0.730607336
80,2322.png,0.857526882,0.750588235,0.750588235,1
81,3034.png,0.898453608,0.815629387,0.821201413,0.991749644
82,1851.png,0.827930175,0.706382979,0.752265861,0.92051756
83,676.png,0.9577576,0.918939394,0.927370031,0.990204082
84,1818.png,0.894849785,0.809708738,0.967517401,0.832335329
85,2906.png,0,0,0,0
86,1840.png,0.815198618,0.688046647,0.995780591,0.69005848
87,560.png,0.509693053,0.34200542,0.34200542,1
88,1337.png,0.901544402,0.820738137,0.98940678,0.828014184
89,1384.png,0.774857143,0.632462687,1,0.632462687
90,2936.png,0.928429861,0.866420058,0.965201465,0.894357234
91,1579.png,0.955572876,0.914925373,0.97611465,0.935877863
92,678.png,0.962339744,0.927413127,0.93754879,0.988477366
93,555.png,0.963448922,0.929475588,0.973484848,0.953617811
94,1885.png,0.661040788,0.493697479,1,0.493697479
95,2471.png,0.582709326,0.411143132,0.988452656,0.413127413
96,1769.png,0.974677003,0.950604839,0.977202073,0.972164948
97,1720.png,0.875739645,0.778947368,0.808743169,0.95483871
98,2465.png,0.756822317,0.608780488,0.994422311,0.610866373
99,2255.png,0.632108074,0.462103813,0.466604824,0.979552093
100,1960.png,0,0,0,0
101,21.png,0.948225334,0.901547988,0.99047619,0.909431605
102,26.png,0.880952381,0.787234043,1,0.787234043
103,2405.png,0.85639413,0.748854262,0.750229568,0.997557998
104,335.png,0.904645477,0.825892857,0.846681922,0.971128609
105,893.png,0.944504897,0.894845361,0.966592428,0.923404255
106,2606.png,0.735303364,0.58140691,0.723924482,0.747045672
107,11.png,0.961710274,0.926244622,0.977302205,0.94660804
108,2980.png,0.947712418,0.900621118,0.908521303,0.990437158
109,3011.png,0.548488008,0.377873563,0.988721805,0.37950938
110,717.png,0.269210387,0.155541947,0.156645082,0.956685499
111,277.png,0.986111111,0.97260274,0.984867591,0.987357775
112,2979.png,0.947842885,0.900856793,0.913151365,0.985274431
113,2275.png,0.803899513,0.672100313,0.678481013,0.986200552
114,1866.png,0.5893186,0.417754569,0.417754569,1
115,1344.png,0.919463087,0.850931677,0.88961039,0.951388889
116,2137.png,0.831083845,0.710986704,0.870608398,0.794992175
117,2072.png,0.687293482,0.523569794,0.943894389,0.540387341
118,1137.png,0.93271028,0.873905429,0.880070547,0.992047714
119,1906.png,0.810121012,0.680843195,0.9578564,0.70186809
120,1495.png,0.952601156,0.909492274,0.96713615,0.938496583
121,694.png,0.850786761,0.740321058,0.892938497,0.812435233
122,336.png,0.970135747,0.942003515,0.952042629,0.988929889
123,1560.png,0.949781659,0.904365904,0.97752809,0.923566879
124,1546.png,0.933656174,0.875567666,0.997929607,0.877161056
125,1969.png,0.944510035,0.894854586,0.93676815,0.952380952
126,2459.png,0.944651842,0.895109197,0.934789592,0.954724409
127,587.png,0.973352034,0.948087432,0.965229485,0.981612447
128,2662.png,0.767916469,0.623266564,0.645650439,0.947306792
129,2930.png,0.860505667,0.755164499,0.998987854,0.755742726
130,943.png,0.936708861,0.880952381,0.898058252,0.978835979
131,1794.png,0.925714286,0.861702128,0.915254237,0.936416185
132,3043.png,0.881041589,0.235362185,1,0.235362185
133,2380.png,0.868360937,0.767347969,0.782351428,0.975617581
134,126.png,0.948160535,0.901430843,0.984375,0.914516129
135,1147.png,0.910204082,0.835205993,0.98021978,0.84952381
136,1883.png,0.939393939,0.885714286,0.955610358,0.923718713
137,2176.png,0.828298279,0.70691906,0.850746269,0.807004471
138,2304.png,0.776574408,0.634754098,0.635587656,0.997938144
139,369.png,0.913461538,0.840707965,0.852017937,0.984455959
140,2228.png,0.870006341,0.769921437,0.914666667,0.829504232
141,2114.png,0.948164147,0.901437372,0.992464205,0.907649897
142,451.png,0.958592133,0.920477137,0.926,0.993562232
143,1916.png,0.692109777,0.529180328,0.529180328,1
144,2349.png,0.687747036,0.524096386,0.524096386,1
145,2530.png,0.479360852,0.315236427,0.638297872,0.383795309
146,1419.png,0.949206349,0.903323263,0.973941368,0.925696594
147,86.png,0.832821143,0.713533439,0.980463097,0.723824786
148,2725.png,0.932207157,0.873022481,0.934908605,0.929521277
149,1013.png,0.874371859,0.776785714,0.87,0.878787879
150,777.png,0.928515318,0.866568915,0.92199688,0.935126582
151,2995.png,0.798719772,0.664890468,0.929635762,0.700124688
152,2992.png,0.93953186,0.885959534,0.979993218,0.902279113
153,1968.png,0.86553323,0.762942779,0.763462849,0.999107939
154,1191.png,0.839846743,0.723910172,0.930390492,0.765363128
155,2956.png,0.921751615,0.854860186,0.869918699,0.980152672
156,2187.png,0.88162919,0.78831563,0.995210728,0.791317593
157,2248.png,0.733674776,0.579373104,0.64527027,0.850148368
158,1452.png,0.935817805,0.879377432,0.913131313,0.959660297
159,2525.png,0.804355717,0.672738312,0.793128132,0.815905744
160,1108.png,0.743315508,0.591489362,0.691542289,0.803468208
161,2787.png,0.728652751,0.573134328,0.96,0.587155963
162,602.png,0.939458995,0.88582996,0.895986896,0.987364621
163,227.png,0.851132686,0.74084507,0.970479705,0.757925072
164,1567.png,0.788863109,0.651340996,0.994152047,0.653846154
165,1076.png,0,0,0,0
166,2565.png,0.961832061,0.926470588,0.947642465,0.976453055
167,1075.png,0,0,0,0
168,824.png,0.949615582,0.142606149,0.142606149,1
169,2543.png,0.916325336,0.845572354,0.99872449,0.846486486
170,460.png,0.954204829,0.912420382,0.93627451,0.972835314
171,1751.png,0.954022989,0.912087912,0.957692308,0.950381679
172,1390.png,0.921863799,0.855053191,0.865410498,0.986196319
173,754.png,0.591883614,0.42033714,0.474524248,0.78636826
174,117.png,0.634615385,0.464788732,0.489912448,0.900629811
175,941.png,0.827820187,0.706222865,0.831345826,0.824324324
176,347.png,0.946693387,0.898782344,0.946314103,0.947072975
177,247.png,0.914351852,0.842217484,0.985037406,0.853131749
178,837.png,0.801635992,0.66894198,0.894977169,0.725925926
179,1225.png,0.285084497,0.166238218,0.617834395,0.185291309
180,1428.png,0.96670247,0.935550936,0.949367089,0.984682713
181,2926.png,0.925735294,0.013035382,0.013035382,1
182,1774.png,0.881693649,0.788418708,0.965893588,0.810996564
183,2107.png,0.903962704,0.824755423,0.885388128,0.923333333
184,552.png,0.915638875,0.844404004,0.958677686,0.876298395
185,925.png,0.953359684,0.910876133,0.922018349,0.98690671
186,284.png,0,0,0,0
187,2780.png,0.515463918,0.347222222,0.370762712,0.845410628
188,860.png,0.622568093,0.451977401,0.453900709,0.990712074
189,375.png,0.979656819,0.960124827,0.988575509,0.970897616
190,834.png,0.853109244,0.743845252,0.906428571,0.805714286
191,2642.png,0,0,0,0
192,1375.png,0.834224599,0.71559633,1,0.71559633
193,681.png,0.978832839,0.9585432,0.980190174,0.977479257
194,384.png,0.968180714,0.938323917,0.99252988,0.944997629
195,2154.png,0,0,0,0
196,1657.png,0.929824561,0.868852459,0.98757764,0.878453039
197,69.png,0.938166311,0.883534137,0.977777778,0.901639344
198,1568.png,0.919282511,0.850622407,0.949074074,0.891304348
199,222.png,0.973945409,0.949214027,0.963781461,0.984326019
200,269.png,0.901060071,0.819935691,0.960451977,0.848585691
201,3041.png,0.942076503,0.076470588,0.076470588,1
202,1043.png,0.921108742,0.853754941,0.86746988,0.981818182
203,2479.png,0.923995225,0.858727811,0.992307692,0.864482502
204,2550.png,0.684341342,0.520151134,0.757798165,0.623867069
205,393.png,0,0,0,0
206,110.png,0.863988724,0.760545906,0.78089172,0.966876972
207,3033.png,0.777339274,0.63577676,0.640176138,0.989306546
208,2233.png,0.555714695,0.384767949,0.817186184,0.421006944
209,2965.png,0.939421813,0.020107239,0.020107239,1
210,581.png,0.981042654,0.962790698,0.976415094,0.985714286
211,1089.png,0.767536232,0.622765757,0.626300851,0.991017964
212,2627.png,0,0,0,0
213,1411.png,0.948096886,0.901315789,0.928813559,0.96819788
214,244.png,0.966887417,0.935897436,0.942611191,0.99244713
215,2609.png,0.914835165,0.843037975,0.955980861,0.877085162
216,855.png,0.875485009,0.778544542,0.899927484,0.852335165
217,2909.png,0.953846154,0.145374449,0.145374449,1
218,1207.png,0.885245902,0.794117647,0.828220859,0.950704225
219,2593.png,0.919915701,0.851707317,0.893551689,0.947882736
220,184.png,0.76042677,0.613458529,0.922352941,0.646864686
221,2060.png,0,0,0,0
222,159.png,0.946356589,0.898175397,0.947237741,0.945477076
223,512.png,0.98515105,0.97073663,0.98013245,0.990221307
224,2732.png,0.712871287,0.553846154,0.947368421,0.571428571
225,2994.png,0.972662203,0.229001135,0.736986301,0.249381953
226,2394.png,0.733639947,0.276845638,0.296052632,0.8101473
227,1420.png,0.892116183,0.805243446,0.87398374,0.911016949
228,1814.png,0.859232176,0.753205128,0.983263598,0.762987013
229,782.png,0.901683867,0.820969337,0.992822967,0.825870647
230,1437.png,0.896168795,0.811871227,0.987760098,0.820121951
231,2300.png,0.407952872,0.256244218,1,0.256244218
232,2801.png,0.842166232,0.727363682,0.981769075,0.737322515
233,2418.png,0.902662593,0.822593477,0.842705786,0.971804511
234,1955.png,0,0,0,0
235,1342.png,0.968997837,0.93986014,0.954545455,0.983894583
236,1585.png,0.940095553,0.886962552,0.989172467,0.895658263
237,6.png,0.899328859,0.817073171,0.840501792,0.967010309
238,718.png,0.718255665,0.560373582,0.584144645,0.932297447
239,437.png,0.798534799,0.664634146,0.664634146,1
240,1792.png,0.567567568,0.396226415,0.933333333,0.40776699
241,1681.png,0.946208684,0.897908979,0.934699104,0.958005249
242,750.png,0.8888,0.41723356,0.41834028,0.99369937
243,1826.png,0.944370861,0.894604768,0.942498348,0.946250829
244,2061.png,0.922705314,0.856502242,0.922705314,0.922705314
245,2858.png,0.856725146,0.749360614,0.756129032,0.988195616
246,2101.png,0.90305499,0.336054422,0.606879607,0.429565217
247,1006.png,0.921151439,0.853828306,0.929292929,0.913151365
248,2808.png,0.900627943,0.176905312,1,0.176905312
249,1803.png,0.853582555,0.744565217,0.971631206,0.761111111
250,1491.png,0.88172043,0.788461538,0.971563981,0.807086614
251,3012.png,0,0,0,0
252,2566.png,0.079096045,0.041176471,0.041176471,1
253,841.png,0.944115713,0.894146949,0.97421981,0.915816327
254,2922.png,0.926178153,0.862506342,0.992990654,0.867789689
255,2359.png,0.426187962,0.270799785,0.601311085,0.330062152
256,1304.png,0.848864526,0.737414966,0.833846154,0.864433812
257,1063.png,0.887056884,0.797037037,0.797037037,1
258,769.png,0.869239416,0.768721007,0.936995153,0.810621943
259,2246.png,0.801587302,0.668874172,0.668874172,1
260,2362.png,0,0,0,0
261,550.png,0.88772846,0.798122066,0.85,0.928961749
262,2878.png,0.846951073,0.734531773,0.933085502,0.77537511
263,1021.png,0.888249795,0.798965262,0.867576244,0.90993266
264,197.png,0.826327945,0.704053522,0.716459752,0.975995636
265,1274.png,0.947890819,0.900943396,0.974489796,0.922705314
266,915.png,0.725223924,0.568902992,0.587271876,0.947885196
267,2360.png,0.466644091,0.304328622,0.435524652,0.502552881
268,1553.png,0.811722913,0.683109118,0.705246914,0.956066946
269,2262.png,0.940114848,0.886996904,0.969543147,0.912420382
270,2096.png,0.811023622,0.682119205,0.810314685,0.8117338
271,2385.png,0.924114671,0.858934169,0.858934169,1
272,2073.png,0.644027304,0.474955953,0.654980909,0.633434038
273,979.png,0.765072765,0.61952862,0.629059829,0.976127321
274,1658.png,0.839215686,0.722972973,0.764285714,0.930434783
275,864.png,0,0,0,0
276,2571.png,0.856316297,0.748735245,0.748735245,1
277,1269.png,0.944751381,0.895287958,0.919354839,0.971590909
278,985.png,0.910991637,0.258646617,0.445595855,0.381374723
279,847.png,0,0,0,0
280,1218.png,0.839237057,0.723004695,0.810526316,0.870056497
281,926.png,0.920943135,0.853470437,0.982248521,0.866840731
282,2029.png,0.729792148,0.574545455,0.574545455,1
283,559.png,0.909344491,0.833759591,0.900552486,0.918309859
284,16.png,0.883333333,0.791044776,0.893258427,0.873626374
285,1972.png,0.739514349,0.586690018,0.729847495,0.749440716
286,2837.png,0,0,0,0
287,1050.png,0.926508436,0.863079382,0.878524946,0.980036298
288,2971.png,0.770065917,0.626103405,0.792498005,0.748868778
289,1988.png,0,0,0,0
290,949.png,0.845730028,0.732696897,0.862359551,0.82972973
291,2633.png,0,0,0,0
292,1410.png,0.648739496,0.480099502,0.608832808,0.694244604
293,1118.png,0.931677019,0.872093023,0.976138829,0.891089109
294,1185.png,0.981375903,0.963432836,0.972871138,0.990030675
295,1726.png,0.912288716,0.838723226,0.998001,0.840134623
296,880.png,0.90148448,0.820638821,0.948863636,0.858611825
297,2951.png,0.951066499,0.906698565,0.987407729,0.917305365
298,2269.png,0,0,0,0
299,1555.png,0.868549172,0.767641997,0.997762864,0.768965517
300,2968.png,0.910836763,0.83627204,0.925650558,0.896489649
301,948.png,0.881057269,0.787401575,0.803858521,0.974658869
302,262.png,0.934362934,0.876811594,0.959229898,0.910752688
303,2090.png,0.771076923,0.627441162,0.734251392,0.811791383
304,2285.png,0.811942316,0.344033919,0.359949303,0.886115445
305,1262.png,0.795425667,0.660337553,1,0.660337553
306,2098.png,0,0,0,0
307,1662.png,0.873065015,0.774725275,0.992957746,0.779005525
308,1739.png,0.941176471,0.888888889,0.993324433,0.894230769
309,557.png,0.894645941,0.809375,0.862614488,0.929147982
310,2718.png,0.894056848,0.808411215,0.837096774,0.959334566
311,2172.png,0,0,0,0
312,2729.png,0.873599283,0.775567051,0.776184787,0.998974885
313,361.png,0.929717764,0.868665977,0.871369295,0.996441281
314,2647.png,0,0,0,0
315,2489.png,0.940142036,0.88704531,0.896196003,0.988620199
316,822.png,0.852672751,0.743181818,0.934285714,0.784172662
317,2305.png,0.815047022,0.687830688,0.687830688,1
318,2655.png,0.672557683,0.506656805,0.506656805,1
319,2957.png,0.91459854,0.84263618,0.917948718,0.911272727
320,1194.png,0.884375,0.792717087,0.808571429,0.975862069
321,2198.png,0.916626506,0.846085409,0.937869822,0.896324222
322,2497.png,0,0,0,0
323,1867.png,0.922489083,0.856129686,0.866666667,0.985997666
324,2345.png,0.84801407,0.736132316,0.995869191,0.738386932
325,1561.png,0.902004454,0.821501014,0.995085995,0.824847251
326,3035.png,0.814120243,0.686511628,0.981382979,0.695570217
327,2789.png,0.684841454,0.520729197,0.525051883,0.984435798
328,593.png,0.954658695,0.913250715,0.915869981,0.996878252
329,2190.png,0.889515419,0.801015551,0.81393099,0.980574981
330,12.png,0.975847893,0.952834922,0.987519501,0.964448959
331,580.png,0.971664699,0.94489093,0.965962441,0.977434679
332,2006.png,0,0,0,0
333,1902.png,0.908217203,0.831866197,0.846774194,0.979274611
334,2825.png,0.893157263,0.806941432,0.96124031,0.834080717
335,730.png,0.89498042,0.80992268,0.981264637,0.822643979
336,3010.png,0.818835192,0.264890282,0.264890282,1
337,1616.png,0.902597403,0.822485207,0.985815603,0.832335329
338,1590.png,0.852618758,0.743099788,0.945945946,0.776053215
339,1087.png,0,0,0,0
340,702.png,0.810584958,0.681498829,0.692857143,0.976510067
341,2263.png,0.962095532,0.92695962,0.992371265,0.93361244
342,479.png,0.917491749,0.847560976,0.893890675,0.942372881
343,2411.png,0.753306498,0.604243542,0.604243542,1
344,3029.png,0,0,0,0
345,1539.png,0.960182025,0.923413567,0.977606178,0.943368107
346,3001.png,0,0,0,0
347,2503.png,0.897849462,0.814634146,0.93886156,0.860270444
348,2403.png,0.821366025,0.696879643,0.696879643,1
349,2429.png,0.834998278,0.716735659,0.717584369,0.998352554
350,1795.png,0.821002387,0.696356275,0.738197425,0.924731183
351,2182.png,0.903394256,0.823809524,0.836325967,0.98215734
352,1542.png,0.931705456,0.872142857,0.935273841,0.928164196
353,1520.png,0.796226415,0.661442006,0.84063745,0.756272401
354,246.png,0.868493151,0.767554479,0.957703927,0.794486216
355,250.png,0.920774648,0.853181077,0.928952043,0.912739965
356,607.png,0.957507082,0.918478261,0.957507082,0.957507082
357,2110.png,0,0,0,0
358,2665.png,0.857342657,0.750305998,0.784891165,0.944530046
359,1959.png,0.026666667,0.013513514,0.019230769,0.043478261
360,364.png,0.94741533,0.900084674,0.904680851,0.994387278
361,2737.png,0,0,0,0
362,162.png,0.968124537,0.938218391,0.956076135,0.98048048
363,2372.png,0.540983607,0.370786517,0.974285714,0.374450952
364,1475.png,0.617563739,0.446721311,1,0.446721311
365,2216.png,0.830141844,0.01530153,0.01530153,1
366,873.png,0.866168868,0.763931104,0.775720165,0.980494148
367,1094.png,0.665534805,0.498727735,0.5,0.994923858
368,3060.png,0.872351983,0.773603083,0.798210736,0.961676647
369,1638.png,0.94224008,0.890788224,0.973029046,0.913339825
370,1748.png,0.893258427,0.807106599,1,0.807106599
371,947.png,0.934826884,0.877629063,0.892996109,0.980769231
372,1374.png,0.901694915,0.820987654,0.992537313,0.826086957
373,1671.png,0,0,0,0
374,2296.png,0.845836768,0.732857143,0.955307263,0.75887574
375,174.png,0.948004837,0.901149425,0.915175097,0.983277592
376,1868.png,0,0,0,0
377,2867.png,0.921341272,0.854154561,0.965200263,0.881294964
378,1602.png,0.948738812,0.90247678,0.9328,0.965231788
379,1093.png,0.769409038,0.625235405,0.636015326,0.973607038
380,660.png,0.974495001,0.950258655,0.965628791,0.983525535
381,870.png,0.970163619,0.942056075,0.971098266,0.969230769
382,93.png,0.918639053,0.849521204,0.956856703,0.883357041
383,1141.png,0.9498998,0.904580153,0.9498998,0.9498998
384,1710.png,0.85077187,0.740298507,0.757637475,0.970013038
385,1098.png,0.871495327,0.772256729,0.927860697,0.821585903
386,2771.png,0.835423984,0.717363206,1,0.717363206
387,1170.png,0.983066362,0.96669667,0.981718464,0.984417965
388,2159.png,0,0,0,0
389,1793.png,0.776315789,0.634408602,0.644808743,0.975206612
390,1500.png,0.959139785,0.921487603,0.976998905,0.941921859
391,1907.png,0.902478018,0.822286963,0.835677276,0.980886186
392,2654.png,0.816530103,0.689945816,0.689945816,1
393,2831.png,0.979684764,0.234327713,0.462852263,0.321852732
394,2173.png,0,0,0,0
395,894.png,0.803767661,0.67191601,0.684491979,0.97338403
396,1800.png,0.8329718,0.713754647,0.713754647,1
397,1129.png,0.944896116,0.895547945,0.895547945,1
398,621.png,0.929010239,0.867431485,0.986231884,0.878064516
399,1174.png,0.961824953,0.926457399,0.945970696,0.978219697
400,3042.png,0.434396789,0.277462888,0.726501767,0.309825196
401,879.png,0.755117513,0.606577345,1,0.606577345
402,3056.png,0.793196753,0.65727098,0.993223621,0.66023166
403,2827.png,0.93622142,0.880090498,0.967661692,0.906759907
404,91.png,0,0,0,0
405,145.png,0.880728086,0.786875892,0.995308553,0.789805269
406,1765.png,0.890405904,0.418848168,1,0.418848168
407,2249.png,0,0,0,0
408,2548.png,0.908409942,0.832189644,0.970887918,0.853486884
409,2964.png,0.991871109,0.106115836,0.106115836,1
410,2486.png,0.943925234,0.89380531,0.958584987,0.929707113
411,964.png,0.889156627,0.800433839,0.814569536,0.978779841
412,1316.png,0.848896435,0.737463127,0.748502994,0.980392157
413,954.png,0.890909091,0.803278689,0.864705882,0.91875
414,134.png,0.980314961,0.961389961,0.982248521,0.978388998
415,351.png,0.972493345,0.946459413,0.980322004,0.964788732
416,1873.png,0.91374269,0.841184388,0.953470633,0.877192982
417,1646.png,0.905936073,0.828046745,0.871704745,0.942965779
418,629.png,0.079079374,0.041167435,0.041167435,1
419,2428.png,0.852226721,0.742504409,0.753804834,0.980209546
420,2473.png,0.824868651,0.701937407,0.783693844,0.870609982
421,1846.png,0.882188721,0.789210789,0.956416465,0.81865285
422,1895.png,0.899538516,0.817419355,0.996852872,0.819534282
423,2220.png,0.779226939,0.638306138,0.646850394,0.979725701
424,1282.png,0.831768953,0.275322284,0.30479103,0.74009901
425,2368.png,0.724437628,0.567935872,0.69563083,0.755733333
426,535.png,0.964301853,0.931064572,0.963866305,0.964737794
427,140.png,0.963534362,0.929634641,0.963534362,0.963534362
428,590.png,0.955254943,0.914342629,0.925403226,0.987096774
429,1296.png,0,0,0,0
430,2920.png,0.941494899,0.88945712,0.968723222,0.915755367
431,402.png,0.980950387,0.962612983,0.990697674,0.971393035
432,472.png,0.943298969,0.892682927,0.985637343,0.904448105
433,2855.png,0.316966068,0.188330171,0.787698413,0.1984008
434,1515.png,0.798905609,0.665148064,0.851311953,0.75257732
435,1247.png,0.958545455,0.920391061,0.944126074,0.973412112
436,2450.png,0.764852514,0.619239825,0.751121991,0.779094372
437,1333.png,0.912596401,0.839243499,0.845238095,0.991620112
438,1582.png,0.835091616,0.716873213,0.93765586,0.752752753
439,1897.png,0.942942943,0.892045455,0.972136223,0.915451895
440,967.png,0.857442348,0.750458716,0.814741036,0.904867257
441,971.png,0.905,0.826484018,0.830275229,0.994505495
442,2007.png,0.561354995,0.390197021,0.402977667,0.924829157
443,1684.png,0.871021776,0.771513353,0.80495356,0.948905109
444,189.png,0.984565394,0.9696,0.980582524,0.98858075
445,36.png,0.908324552,0.832046332,0.832046332,1
446,55.png,0.825201072,0.126888218,0.126888218,1
447,2898.png,0.962650602,0.927990708,0.948931116,0.976772616
448,157.png,0.976515027,0.954107831,0.985742706,0.96745851
449,3004.png,0,0,0,0
450,1275.png,0.919395466,0.850815851,0.914786967,0.924050633
451,2343.png,0.918120805,0.848635236,0.861460957,0.982758621
452,434.png,0.910447761,0.835616438,1,0.835616438
453,149.png,0.96067313,0.924322422,0.976934524,0.944944225
454,87.png,0.967171717,0.936430318,0.93872549,0.997395833
455,2553.png,0.824763903,0.701785714,0.701785714,1
456,1641.png,0.883555556,0.791401274,0.95761079,0.820132013
457,1943.png,0.869447663,0.769046806,0.947390572,0.803354747
458,2618.png,0.696062992,0.533816425,0.586829527,0.855263158
459,981.png,0,0,0,0
460,1729.png,0.844519016,0.730880929,0.768056968,0.937888199
461,2911.png,0.946277666,0.023686921,0.034277198,0.07120743
462,2250.png,0.859836674,0.149317406,0.149317406,1
463,1271.png,0,0,0,0
464,1630.png,0.946673997,0.89874739,0.980637813,0.91498406
465,1927.png,0,0,0,0
466,1103.png,0.49299258,0.327133479,0.328571429,0.98679868
467,213.png,0.949467482,0.903796376,0.960568547,0.938620072
468,1656.png,0.864197531,0.760869565,0.921052632,0.813953488
469,2588.png,0.864935065,0.76201373,0.812195122,0.925
470,2274.png,0.903409091,0.823834197,0.88951049,0.917748918
471,849.png,0.946000578,0.897534247,0.914572864,0.979665072
472,2986.png,0.73313783,0.578703704,0.731605351,0.734676742
473,1588.png,0.704277743,0.54354067,0.545891398,0.992139738
474,2688.png,0.950064185,0.025674786,0.093301435,0.034210526
475,1234.png,0.879518072,0.784946237,0.842307692,0.920168067
476,745.png,0.909900848,0.834695492,0.875795297,0.946770335
477,387.png,0.977099237,0.955223881,0.993103448,0.961602671
478,103.png,0.951751487,0.907944515,0.965147453,0.938722295
479,1742.png,0.809605489,0.680115274,0.975206612,0.692082111
480,636.png,0.986917142,0.974172185,0.993918919,0.980013324
481,2763.png,0.837776616,0.72083958,0.745888923,0.955484897
482,1446.png,0.920955882,0.853492334,0.98816568,0.862306368
483,2342.png,0.931523022,0.871823204,0.879108635,0.990583804
484,2494.png,0.86977887,0.769565217,0.892436975,0.848242812
485,2390.png,0.764857881,0.619246862,0.62206655,0.992733371
486,2709.png,0,0,0,0
487,2604.png,0.929607171,0.868472906,0.8815,0.983268265
488,412.png,0.970479705,0.94265233,0.943779904,0.998734177
489,1097.png,0.836789298,0.366857143,0.933139535,0.376760563
490,1311.png,0.811309867,0.682524272,0.902439024,0.736897275
491,2081.png,0.816037736,0.689243028,0.700404858,0.97740113
492,132.png,0.949009692,0.902967121,0.978279757,0.921440262
493,186.png,0,0,0,0
494,1330.png,0.911392405,0.837209302,0.90647482,0.916363636
495,1523.png,0.889908257,0.801652893,0.935691318,0.848396501
496,2401.png,0.829465187,0.70862069,0.732185273,0.956555469
497,657.png,0.916141236,0.845258871,0.945348081,0.888685015
498,29.png,0.960134756,0.923326134,0.952115813,0.968289921
499,2579.png,0,0,0,0
500,2521.png,0.653669104,0.485518906,0.612379503,0.700929152
501,640.png,0.921428571,0.854304636,0.871621622,0.977272727
502,2058.png,0,0,0,0
503,1981.png,0.820403826,0.695495495,0.963795256,0.714153562
504,2091.png,0.659939455,0.49246988,0.753166987,0.587249327
505,1204.png,0.908366534,0.832116788,0.926829268,0.890625
506,2451.png,0.540667057,0.370489174,0.58259773,0.504366812
507,523.png,0.898696682,0.816030124,0.816030124,1
508,1393.png,0.932614555,0.873737374,0.947945205,0.917771883
509,301.png,0.976153714,0.953418231,0.967358041,0.985110803
510,1477.png,0.884210526,0.79245283,0.985915493,0.801526718
511,2590.png,0.777292576,0.635714286,0.635714286,1
512,1461.png,0.750442478,0.600566572,0.684975767,0.829745597
513,1145.png,0.925233645,0.860869565,0.888689408,0.964912281
514,1312.png,0.937853107,0.882978723,0.958745875,0.917851501
515,763.png,0.941451991,0.889380531,0.990147783,0.897321429
516,2160.png,0.88209607,0.7890625,0.872839506,0.891551072
517,2468.png,0.348341232,0.210903874,0.213662791,0.942307692
518,2312.png,0.915590267,0.84432133,0.855218855,0.985132515
519,1707.png,0.928982726,0.867383513,0.958415842,0.901303538
520,248.png,0.948136143,0.901386749,0.968543046,0.928571429
521,441.png,0.951445717,0.907388137,0.981981982,0.922751323
522,2853.png,0.835709857,0.717784878,0.734204793,0.969784173
523,793.png,0.755896873,0.607583774,0.61793722,0.973163842
524,716.png,0.560173997,0.38905673,0.41735686,0.851579721
525,896.png,0.877659574,0.781990521,0.783227848,0.997983871
526,1251.png,0.972136223,0.945783133,0.98125,0.963190184
527,1071.png,0.929577465,0.868421053,0.9,0.961165049
528,1714.png,0.868525896,0.767605634,0.816479401,0.927659574
529,2818.png,0.890186916,0.802105263,0.997382199,0.803797468
530,2230.png,0,0,0,0
531,1665.png,0,0,0,0
532,2822.png,0.863795111,0.760245902,0.953727506,0.789361702
533,2854.png,0.929031023,0.12932526,0.911585366,0.130968025
534,2015.png,0.783925131,0.644635582,0.997897687,0.645512239
535,2685.png,0.833136095,0.713995943,0.713995943,1
536,1309.png,0.921248143,0.85399449,0.977917981,0.870786517
537,589.png,0.609735269,0.438574939,0.442379182,0.980769231
538,922.png,0.916530278,0.84592145,0.974477958,0.865087539
539,2279.png,0.808577406,0.678665496,0.759332024,0.864653244
540,2415.png,0,0,0,0
541,1789.png,0.857142857,0.75,0.75,1
542,1276.png,0.976664769,0.954393771,0.971687429,0.981693364
543,1991.png,0.725995316,0.569852941,0.954433498,0.585789872
544,215.png,0.916886228,0.846528085,0.917105894,0.916666667
545,663.png,0.966666667,0.935483871,0.935483871,1
546,2611.png,0,0,0,0
547,1149.png,0.928571429,0.866666667,0.873385013,0.991202346
548,2660.png,0.912228057,0.83862069,0.963549921,0.866096866
549,251.png,0.9375,0.882352941,0.934065934,0.94095941
550,1231.png,0.741532977,0.589235127,0.904347826,0.628398792
551,2675.png,0.700276243,0.538788523,0.78,0.635338346
552,1879.png,0.749362787,0.599184783,0.605769231,0.982182628
553,1345.png,0.875675676,0.778846154,0.778846154,1
554,2164.png,0.937517356,0.882383691,0.899067909,0.979402379
555,2302.png,0.566666667,0.395348837,0.912195122,0.410989011
556,2630.png,0.599286564,0.427843803,0.427843803,1
557,1067.png,0.74149034,0.589181287,0.848421053,0.658496732
558,1002.png,0.935483871,0.878787879,0.891061453,0.984567901
559,308.png,0.967088608,0.93627451,0.953410982,0.981164384
560,324.png,0.772262774,0.62901308,0.990636704,0.63277512
561,1235.png,0.904615385,0.825842697,0.97029703,0.847262248
562,153.png,0.961563518,0.925972396,0.954721863,0.968503937
563,1810.png,0.735395189,0.581521739,0.995348837,0.583106267
564,1401.png,0.545753425,0.375282592,0.917127072,0.388455538
565,1861.png,0.798743784,0.664923747,0.924848485,0.702901889
566,2197.png,0.778218945,0.636954503,0.99132948,0.640522876
567,709.png,0.773195876,0.630252101,0.661764706,0.929752066
568,2080.png,0,0,0,0
569,1768.png,0.933178385,0.874727669,0.930475087,0.935897436
570,353.png,0.727559055,0.571782178,0.658119658,0.813380282
571,181.png,0.977704377,0.95638126,0.982572614,0.972884141
572,1801.png,0.916666667,0.846153846,0.895927602,0.938388626
573,865.png,0,0,0,0
574,2378.png,0.881966415,0.788855028,0.853509185,0.912386707
575,605.png,0.955423477,0.914651494,0.965465465,0.945588235
576,2148.png,0.900243309,0.818584071,0.872641509,0.929648241
577,940.png,0.837647059,0.720647773,0.976234004,0.733516484
578,545.png,0.973711164,0.948769128,0.986851211,0.960916442
579,217.png,0.920674578,0.853009259,0.924717691,0.916666667
580,980.png,0,0,0,0
581,888.png,0.692940667,0.530152419,0.530503979,0.998751561
582,407.png,0.952325581,0.908990011,0.915083799,0.992727273
583,1566.png,0,0,0,0
584,2830.png,0.739622642,0.586826347,1,0.586826347
585,1841.png,0,0,0,0
586,2790.png,0.696071164,0.533826038,0.54027618,0.978125
587,2847.png,0.866511748,0.764464692,0.808285164,0.93377852
588,1084.png,0.913678619,0.841075795,0.991354467,0.84729064
589,1723.png,0.893992933,0.808306709,0.980620155,0.821428571
590,2454.png,0.798406727,0.664456722,0.676923077,0.973031284
591,1611.png,0.901457726,0.82059448,0.973551637,0.839305103
592,1363.png,0.954005168,0.912055336,0.977754237,0.931382442
593,2717.png,0.891646778,0.804478898,0.995735608,0.807260156
594,33.png,0.497311828,0.330948122,0.330948122,1
595,2496.png,0,0,0,0
596,2169.png,0,0,0,0
597,2222.png,0.63776824,0.468178954,0.468178954,1
598,1146.png,0.973755656,0.948853616,0.971119134,0.976406534
599,1893.png,0.620987654,0.450313339,0.712464589,0.550328228
600,2499.png,0,0,0,0
601,1236.png,0.80155642,0.668831169,0.741007194,0.872881356
602,1250.png,0.947463768,0.900172117,0.981238274,0.915936953
603,2923.png,0.893617021,0.807692308,1,0.807692308
604,1591.png,0.928813559,0.867088608,0.960280374,0.899343545
605,1894.png,0.984179457,0.101430429,0.103861518,0.8125
606,107.png,0.950875486,0.906351414,0.94080847,0.961160275
607,1675.png,0.845070423,0.731707317,0.853658537,0.836653386
608,429.png,0.965393258,0.933101651,0.957219251,0.973708069
609,344.png,0.954436451,0.912844037,0.937205651,0.972312704
610,2667.png,0.895355673,0.81053752,0.821024259,0.984486102
611,367.png,0.966515837,0.935201401,0.981617647,0.951871658
